N,P,K,temperature,humidity,ph,rainfall,label
40,72,77,17.02498456,16.98861173,7.485996067,88.55123143,Carrots
23,72,84,19.02061277,17.13159126,6.920251378,79.92698081,Carrots
39,58,85,17.88776475,15.40589717,5.996932037,68.54932919,Carrots
22,72,85,18.86805647,15.65809214,6.391173589,88.51048983,Carrots
36,67,77,18.36952567,19.56381041,7.152811172,79.26357665,Carrots
32,73,81,20.45078582,15.40312102,5.988992796,92.68373702,Carrots
58,70,84,20.6543203,16.60820843,6.231049028,74.6631118,Carrots
59,70,84,17.3348681,18.74926979,7.550808267,82.61734721,Carrots
42,62,75,18.17912258,18.90426935,7.010570541,81.84997529,Carrots
28,74,81,18.01272266,18.30968112,8.753795334,81.98568791,Carrots
58,66,79,20.99373558,19.33470387,8.718192847,93.55280105,Carrots
43,66,79,19.46233971,15.22538951,7.976607593,74.58565097,Carrots
58,63,81,19.81344531,14.69765308,6.515499549,78.96514709,Carrots
23,62,85,18.97424756,19.5161216,8.490127142,80.7108745,Carrots
27,62,77,18.19737048,14.71070537,6.576415562,70.18185181,Carrots
28,72,84,18.72963144,19.18197264,6.481783043,71.58010169,Carrots
50,56,76,20.99502153,19.8601304,7.966605025,73.50734019,Carrots
39,71,84,20.28155898,16.39535215,8.140825437,82.52339655,Carrots
25,78,76,17.48042641,15.7559405,7.228963452,66.96980581,Carrots
31,70,77,20.88818675,14.32313811,6.492546046,90.46228334,Carrots
26,80,83,17.08498521,16.14565756,7.528599957,71.31007253,Carrots
25,68,77,20.09340593,15.11279612,7.701446446,85.74904898,Carrots
31,78,76,17.57212145,14.99927489,8.519975748,89.31050665,Carrots
60,68,83,19.12065218,18.43475844,6.620900869,85.52950164,Carrots
59,62,83,18.57665902,19.22008229,8.104396058,72.94940441,Carrots
22,67,78,17.16606398,14.42457525,6.204090835,72.32667516,Carrots
36,65,80,18.2872007,16.67921616,6.051091339,74.87445574,Carrots
59,60,84,19.03025305,18.66725565,7.690962338,94.70992037,Carrots
54,77,85,17.1418614,17.0662427,7.829211144,83.74606679,Carrots
43,68,81,17.47809436,17.93253975,6.761599706,78.92060234,Carrots
28,76,82,20.56601874,14.25803981,6.654425315,83.75937135,Carrots
42,79,85,17.22385224,15.82069268,6.129533877,76.57580954,Carrots
32,60,83,19.69141713,19.44225438,8.829273328,91.76071648,Carrots
22,78,76,17.84851658,19.09172907,8.621662982,76.32470713,Carrots
31,79,75,18.8202251,16.1074793,8.204862075,89.73119396,Carrots
28,58,81,17.47500984,16.54314829,6.18042747,93.35034262,Carrots
57,58,77,18.72649425,17.58406365,7.978996755,81.20176515,Carrots
49,55,78,18.65580107,16.17772668,7.863113671,81.70769297,Carrots
46,76,77,18.2356751,19.68538502,6.967843048,83.74879344,Carrots
54,61,77,18.81198127,15.21618225,6.206582193,77.5429424,Carrots
38,60,76,18.65054116,17.80852431,8.868741443,77.92798682,Carrots
59,55,79,20.36720401,16.89574311,8.766128654,82.2545577,Carrots
36,76,75,18.38120357,16.63805158,8.736337905,70.52056697,Carrots
57,68,81,17.17012591,17.30457712,8.081095263,72.78624223,Carrots
35,66,81,19.37101121,15.77458129,6.138243973,85.24819851,Carrots
35,64,78,17.92845928,14.27327988,7.496645259,85.37378769,Carrots
52,60,79,19.45339934,18.23490739,8.380185271,75.6317566,Carrots
27,76,83,19.12829388,14.92241479,6.289614016,89.61857826,Carrots
57,60,84,19.1034283,17.26184541,6.586777189,75.49101167,Carrots
52,68,78,17.48504075,16.96070581,6.89655198,86.05078037,Carrots
43,79,79,19.40751744,18.98030507,7.806747656,80.25064637,Carrots
44,74,85,20.18649426,19.63719995,7.150681303,78.26039559,Carrots
24,55,78,17.30287885,15.15405941,6.64919573,75.57790384,Carrots
29,77,75,17.50361137,15.48083156,7.778591618,72.9446671,Carrots
20,60,78,18.17234999,14.70085967,6.358740355,90.7760707,Carrots
56,67,78,17.57445618,16.71826572,8.255450758,77.81891424,Carrots
37,66,85,20.93175255,18.91295403,6.456148474,78.06910795,Carrots
49,71,76,19.71098332,17.63879418,6.613072145,85.57925437,Carrots
59,69,80,19.07937684,17.86754927,8.165359297,69.40619137,Carrots
20,79,77,18.54988627,16.02542689,7.64867466,76.32565249,Carrots
24,56,85,18.19903647,17.41333199,6.545888558,80.6405403,Carrots
51,72,75,18.88852533,14.99451145,7.104224797,80.1113384,Carrots
57,73,85,18.49311205,14.72115044,7.358099622,91.94595352,Carrots
22,64,82,19.48974337,17.17260319,6.4740245,87.51312796,Carrots
52,73,79,17.25769499,18.74943955,7.840339389,94.00287214,Carrots
29,75,75,19.62416326,18.71483156,7.064790365,88.4585692,Carrots
44,59,78,20.67526473,19.85388984,7.599033472,84.78344008,Carrots
41,69,82,20.02381489,16.63294455,6.715587232,68.97806542,Carrots
52,56,85,20.1187446,14.44228303,6.81712422,88.68168643,Carrots
34,76,80,20.65691793,15.84572566,7.985417393,65.23811143,Carrots
42,74,83,19.2582557,14.2804191,7.545258424,65.78042032,Carrots
34,71,79,17.927806,15.85622899,7.728998197,74.63872762,Carrots
27,73,79,19.16288268,15.83500655,7.354973451,82.69766829,Carrots
30,70,79,20.26942271,19.96978871,7.313122235,69.64449182,Carrots
57,57,75,17.09104223,18.25142068,7.785039076,87.27444866,Carrots
27,79,82,17.06579293,17.54024066,6.307004923,70.87150577,Carrots
32,71,85,20.62767492,14.44008871,6.403982316,92.06630306,Carrots
31,76,82,20.8248451,17.85057083,7.599279991,79.20509212,Carrots
33,75,84,19.46210401,18.72831993,7.217018459,68.81405149,Carrots
47,80,77,17.18248372,16.42891834,7.561108006,72.85017344,Carrots
54,62,80,17.48911699,16.39055394,7.489545074,79.45758333,Carrots
47,79,78,17.48395377,14.76014523,6.609696734,65.11365631,Carrots
35,57,83,19.48316794,17.44534641,7.476800943,80.4986291,Carrots
53,73,77,19.71359733,18.09665739,7.325451279,73.64476535,Carrots
45,61,78,19.48649305,16.06240074,6.489389282,81.5284269,Carrots
37,78,79,19.95264829,14.82633099,7.786366322,88.6810311,Carrots
30,75,81,19.41789736,16.80472243,6.408437886,68.4951189,Carrots
37,55,82,19.45591848,18.02235902,8.423873703,78.44910564,Carrots
53,65,76,20.19137759,16.41998269,8.719960893,77.33795356,Carrots
22,60,85,18.8392908,14.74071856,7.811997977,94.78189594,Carrots
60,61,78,20.71219282,19.83643308,6.317153205,94.03659867,Carrots
42,67,77,18.99424448,15.9362937,7.114405288,78.69707199,Carrots
39,76,76,19.96837462,15.57324389,8.135900726,69.15759062,Carrots
35,63,76,17.81564548,17.60756635,7.714153038,90.82097601,Carrots
30,65,82,20.71424384,15.27824066,7.103798069,76.77888672,Carrots
57,56,78,17.34150229,18.75626255,8.861479668,67.9545435,Carrots
48,65,78,17.43732714,14.33847406,7.861128148,73.0926704,Carrots
36,56,83,18.89780215,19.76182946,7.4526709,69.09512477,Carrots
40,58,75,18.59190771,14.77959596,7.168096055,89.60982451,Carrots
49,69,82,18.31561493,15.36143547,7.26311855,81.78710463,Carrots
91,94,46,29.36792366,76.24900101,6.149934034,92.82840911,Broccoli
105,95,50,27.33368994,83.67675197,5.849076099,101.0494791,Broccoli
108,92,53,27.40053601,82.96221306,6.276800323,104.9378,Broccoli
86,76,54,29.3159075,80.11585705,5.926824754,90.10978128,Broccoli
80,77,49,26.05433004,79.39654531,5.519088423,113.2297373,Broccoli
93,94,53,25.86632408,84.42379269,6.079178788,114.5357503,Broccoli
90,92,55,27.00932084,80.18546798,6.13465588,97.32531705,Broccoli
108,89,53,29.55054817,78.06762846,5.808497604,99.34482238,Broccoli
108,88,55,26.28845991,83.390039,5.891458107,113.8729798,Broccoli
105,77,52,29.16226551,76.16151562,5.816622479,100.0075679,Broccoli
118,88,52,28.65003945,82.68752542,5.843163161,98.75084366,Broccoli
101,87,54,29.07311132,76.50045221,6.376756633,100.1692639,Broccoli
95,75,50,28.08166093,75.26429821,5.623615687,118.2761894,Broccoli
106,85,53,27.1994597,78.8086068,5.91505509,99.72430835,Broccoli
86,95,49,28.05484146,78.04602887,6.458714879,108.3957179,Broccoli
83,79,55,25.14748006,83.34688193,5.565028635,98.66679427,Broccoli
85,95,47,25.94019018,78.3422098,6.211833161,119.84797,Broccoli
109,79,45,27.66752761,79.68542782,6.490074429,108.66464,Broccoli
100,76,45,25.56703012,75.94067692,5.590236025,102.7867717,Broccoli
117,86,48,28.6956201,82.54195839,6.225225239,116.1616839,Broccoli
114,94,53,26.33544853,76.8532006,6.190757459,118.6858263,Broccoli
110,78,50,25.93730186,78.89864446,5.915568968,98.21747528,Broccoli
94,70,48,25.13686519,84.88394407,6.195152442,91.46442491,Broccoli
80,71,47,27.50527651,80.79783998,6.156373499,105.0776992,Broccoli
114,79,51,26.21009246,82.34429458,6.313197204,112.0700033,Broccoli
88,78,45,29.10403455,79.19588629,6.324270089,92.07835761,Broccoli
112,73,48,29.2440638,77.32017166,5.707488987,90.66727868,Broccoli
117,76,47,25.56202173,77.38229006,6.119216009,93.10247183,Broccoli
111,87,48,26.3985515,81.36028902,5.571401169,98.16752001,Broccoli
89,83,47,28.09577643,77.79586769,5.63127166,109.5408614,Broccoli
93,91,47,27.84767901,83.31110751,6.101241579,117.2878912,Broccoli
92,81,52,27.39341554,81.4654833,6.438137279,94.31102057,Broccoli
105,74,45,25.14517635,81.38204104,6.098369122,119.218154,Broccoli
102,71,48,28.65456263,79.28693687,5.695267822,102.4633775,Broccoli
94,91,51,29.16093424,76.67484233,5.618094446,109.575944,Broccoli
116,71,47,27.57278064,82.0638878,6.435785799,91.34276507,Broccoli
117,79,49,25.40909896,82.36208097,6.176644228,112.9794804,Broccoli
119,72,55,25.99069521,83.33983116,6.220643671,112.0777152,Broccoli
99,73,53,26.29039046,81.06003778,5.871702211,118.6730366,Broccoli
91,84,52,29.14827211,78.71024836,6.390741836,117.536781,Broccoli
80,90,47,26.59743595,79.35898915,6.21084479,107.3944717,Broccoli
101,70,48,25.36059237,75.03193255,6.012696655,116.5531455,Broccoli
108,89,53,29.12036889,80.18080728,5.908770059,112.3982055,Broccoli
100,80,52,27.53911354,77.25629897,6.049801781,110.3262123,Broccoli
109,91,53,29.66727337,83.51014178,6.010095853,110.2511102,Broccoli
82,78,46,25.05802193,84.97323747,5.738678895,110.4408803,Broccoli
106,70,55,25.86824781,78.52399914,5.74055541,116.3019555,Broccoli
90,86,52,25.85036988,81.95580471,5.793260262,119.0856171,Broccoli
83,95,50,26.51682337,77.79913575,5.50947065,108.8547508,Broccoli
119,90,48,28.66725136,79.59242542,5.986442306,118.2583441,Broccoli
107,72,45,28.14938935,81.54448882,5.790768046,91.40508414,Broccoli
116,81,55,26.42313317,83.6995044,5.915546415,95.12322062,Broccoli
101,75,50,26.59386409,81.40740301,6.242528278,109.9825551,Broccoli
93,81,50,27.71822477,76.57853189,6.036079266,102.2099836,Broccoli
95,75,45,28.98333432,82.95958244,5.829898502,109.022564,Broccoli
107,71,55,29.42017919,83.96754496,6.088064451,117.229079,Broccoli
83,94,47,27.39872329,81.10523402,6.469370954,112.1355384,Broccoli
102,73,54,26.4020227,84.41007614,5.720726906,111.0162259,Broccoli
86,79,45,27.81251452,82.69285419,5.80766417,99.20961514,Broccoli
117,86,53,25.19640218,83.55829874,5.703381728,115.8586081,Broccoli
111,79,53,28.31193338,75.77363772,6.165001278,119.695765,Broccoli
95,74,50,25.90113128,80.47152737,6.002481605,110.10323,Broccoli
91,75,55,27.48612983,76.11239849,6.212369363,109.2768851,Broccoli
93,83,46,29.38254012,83.50423735,5.765308943,109.2486647,Broccoli
92,85,51,29.22118628,81.08183635,5.740764682,108.8616474,Broccoli
104,80,54,27.09062164,81.33506906,5.879119455,110.1331182,Broccoli
103,72,51,26.12643374,81.81365007,6.099478745,104.4812858,Broccoli
92,75,45,29.01207743,77.95192527,5.674403359,90.43495443,Broccoli
93,85,49,27.96799119,79.28625709,5.694243847,119.4765557,Broccoli
120,87,52,28.0764455,76.05522115,5.905494703,118.9923573,Broccoli
108,72,46,25.16278237,84.97849241,6.110844721,90.94554618,Broccoli
105,88,54,25.78749808,84.51194224,6.020445317,114.2005455,Broccoli
98,79,50,25.34119774,84.47321314,6.435917308,91.06493353,Broccoli
111,88,55,29.44795403,78.34971537,5.505393833,96.45042585,Broccoli
97,74,45,26.47522633,78.51833782,5.677719902,113.1161095,Broccoli
95,82,48,27.39489579,83.31172003,5.719014989,92.78133617,Broccoli
89,91,55,25.08347445,80.261731,6.275572298,94.32961456,Broccoli
89,85,55,26.6719835,76.48541655,6.275384607,91.73358569,Broccoli
118,88,51,25.44926208,79.49221962,6.201911642,100.6619171,Broccoli
101,92,45,28.22776705,80.6430384,5.758054257,98.00403016,Broccoli
99,92,47,28.1279509,77.48247073,6.323933647,103.5045395,Broccoli
82,77,46,28.9470467,82.1888998,5.901100841,95.83016448,Broccoli
90,86,55,27.96236771,84.15403614,5.644486582,97.55986676,Broccoli
95,88,52,28.00316034,78.90085998,6.235461772,94.68180316,Broccoli
104,73,46,29.1400919,80.1190228,6.28236237,90.45142867,Broccoli
102,73,52,27.9122104,83.36307683,6.356090905,90.24211529,Broccoli
100,74,52,25.43480512,81.53977797,5.837258235,96.47800391,Broccoli
94,89,48,28.55980972,84.51602322,5.653437902,111.0843029,Broccoli
99,70,46,26.59580783,82.99556744,5.727469947,100.5123341,Broccoli
112,87,48,27.19711623,77.3970629,6.200111068,99.46950465,Broccoli
117,82,45,25.29391516,79.29122198,5.614471478,105.4220251,Broccoli
96,86,51,29.90888522,76.98740841,6.257369799,91.99964712,Broccoli
113,85,45,27.94972463,76.63713353,6.037430836,109.0921631,Broccoli
105,93,46,25.01018457,78.76260938,5.760457558,108.3690513,Broccoli
85,89,51,29.21144871,84.70189923,6.158164422,108.5501443,Broccoli
108,94,47,27.35911627,84.54625006,6.387431383,90.81250457,Broccoli
92,81,52,28.0106804,76.52808057,5.891413895,103.7040783,Broccoli
110,71,54,28.67208915,82.20793613,5.725418961,94.37987496,Broccoli
82,75,55,27.34585147,78.4873835,6.281069505,92.15524332,Broccoli
117,81,53,29.50704598,78.20585613,5.507641778,98.12565829,Broccoli
2,40,27,29.73770045,47.54885174,5.954626604,90.09586854,Spinach
39,24,31,33.55695561,53.72979826,4.757114897,98.67527561,Spinach
21,26,27,27.00315545,47.67525434,5.699586972,95.85118326,Spinach
25,22,25,33.56150184,45.53556603,5.977413803,95.70525913,Spinach
0,21,32,35.89855625,54.25964196,6.430139436,92.19721736,Spinach
20,19,35,34.17719782,50.62161586,6.113935087,98.00687989,Spinach
19,21,34,30.01592643,53.19212381,5.074272692,97.72843182,Spinach
18,17,31,31.74592134,45.16127859,5.667507706,93.75441586,Spinach
11,36,33,35.99009679,52.22780489,5.978634285,95.3713484,Spinach
30,28,30,31.86641378,52.19331595,5.064613314,98.46768642,Spinach
18,19,27,27.75518664,52.34605806,4.772385986,94.11213345,Spinach
23,23,27,34.72413192,51.4271781,5.161148592,97.31258083,Spinach
37,30,34,27.53907547,53.63549533,6.797779227,99.35408185,Spinach
11,27,30,27.69637763,48.5622488,6.39474303,89.85646496,Spinach
12,19,31,27.25373364,52.66319725,5.566704378,91.87312479,Spinach
3,28,33,30.33723921,48.88704844,5.755049971,94.42850522,Spinach
37,38,32,31.85744939,45.53106268,5.417340525,91.55845821,Spinach
26,37,30,35.39986338,49.45962621,6.166173834,97.41054011,Spinach
14,18,30,29.80747243,52.13797867,5.191265116,95.74606104,Spinach
40,16,35,34.16438906,54.16482251,4.954739564,98.33351125,Spinach
4,20,25,28.93270187,47.94053996,5.664587011,99.9834242,Spinach
36,25,33,27.98392787,53.33018851,5.548584852,99.61465679,Spinach
30,17,31,31.20478173,54.49960506,6.804437106,94.62954663,Spinach
28,37,28,32.13409675,50.52559148,6.097869767,98.63333684,Spinach
38,15,30,28.91862016,48.13974548,5.075504537,97.01331604,Spinach
12,37,30,31.09779147,47.41196659,4.546466109,90.28624348,Spinach
38,19,31,34.73823882,49.08864345,5.855119268,90.65022183,Spinach
8,33,29,29.98080499,49.48613279,6.442393461,91.82271568,Spinach
15,27,28,33.80398664,46.12866113,4.507523551,90.82549241,Spinach
34,16,25,30.07202564,50.96040505,6.10729559,92.09609766,Spinach
11,36,31,27.92063282,51.77965917,6.47544932,100.2585673,Spinach
33,29,34,31.40948821,49.21729127,6.832979509,92.99739415,Spinach
12,31,26,35.7877738,51.94190321,5.395275719,100.2160615,Spinach
12,34,28,33.36140093,45.02236377,6.13526938,98.81596545,Spinach
5,16,31,35.96054636,48.69677802,4.555688532,98.00644238,Spinach
1,30,29,28.33333307,51.39586505,6.434197756,91.67241761,Spinach
16,35,31,32.27652024,50.19368841,5.316875978,95.99487068,Spinach
35,18,26,31.99490489,50.84881347,5.279388967,97.38741498,Spinach
4,40,26,27.58258929,48.56916221,6.720041791,95.8445641,Spinach
9,29,34,29.38471637,45.88744691,5.72742254,100.8124659,Spinach
2,38,33,32.38697531,53.2328243,4.691396195,90.21633216,Spinach
26,32,32,30.91471455,49.92963856,6.810186079,90.14047759,Spinach
34,38,31,35.37775595,45.58110023,6.454045329,97.41586402,Spinach
5,32,33,32.32362177,52.5896771,5.842763773,93.36718816,Spinach
31,29,26,28.22373428,47.40519056,5.024124684,97.76832322,Spinach
34,34,35,27.27433181,47.16808054,6.422710539,95.257992,Spinach
36,19,32,27.10710832,50.70880979,4.94295037,92.37238878,Spinach
7,17,26,34.89226666,48.75613373,6.414526606,91.63074547,Spinach
38,15,27,33.7462686,48.50387598,6.777788126,92.26439205,Spinach
5,19,25,27.3511056,54.43945147,6.441328044,96.27792547,Spinach
37,36,26,32.89300162,52.61323969,4.650536197,94.49161372,Spinach
21,31,32,35.38598705,51.42664176,5.254532213,90.29643888,Spinach
37,36,27,27.5529736,47.90859131,5.910634533,90.40332704,Spinach
23,23,30,32.82141065,47.45553843,4.755273631,90.89173106,Spinach
36,26,26,30.17294105,51.0845903,6.814630246,95.23444287,Spinach
24,33,35,29.26382931,54.82257868,5.342866119,100.7586226,Spinach
26,18,30,32.06097197,51.08494181,6.336234624,96.59816497,Spinach
22,17,26,28.69818144,47.71875722,4.754435025,99.642454,Spinach
11,34,32,29.14305008,49.40983294,6.831706773,97.55155537,Spinach
29,35,28,28.3471611,53.53903102,6.967417766,90.40260445,Spinach
22,28,26,27.67256197,45.41692012,4.947683034,92.84991507,Spinach
23,24,32,28.1218093,46.16888595,5.630619901,93.30247448,Spinach
1,35,34,30.79375683,46.69536813,6.27339822,92.21318555,Spinach
2,24,34,28.89409382,54.80750249,6.472774648,94.76322976,Spinach
39,37,25,33.33024826,45.61143594,6.953246506,98.28583013,Spinach
15,36,27,27.78912455,53.96886679,5.643710216,91.01152997,Spinach
3,18,31,31.65333432,48.20662669,6.392313973,91.09745581,Spinach
8,38,32,29.75150773,46.73723302,4.981816523,91.405983,Spinach
33,31,34,31.32995611,50.22287593,5.421265283,89.78216168,Spinach
14,29,32,35.63627319,48.97047762,6.942520105,97.51952041,Spinach
18,20,26,31.66524687,51.98594645,5.435840509,89.98024312,Spinach
9,21,32,32.26935342,53.56092806,5.870116071,95.94035356,Spinach
20,30,27,27.81005614,51.59445462,4.74910393,95.89898581,Spinach
9,38,25,34.58561471,50.34035336,5.497946899,100.3060719,Spinach
26,24,34,31.27180992,52.23810152,6.811291098,89.74409017,Spinach
31,36,29,33.93679864,52.72170281,6.460542749,97.4611918,Spinach
14,18,35,31.09154239,47.02058367,4.791146778,91.46664318,Spinach
40,16,35,31.89356292,49.02450149,6.4841522,89.59371481,Spinach
28,27,34,32.45465292,50.69693751,6.526654345,95.04871605,Spinach
0,17,30,35.47478322,47.97230503,6.279133738,97.79072474,Spinach
1,29,29,27.32961444,49.30347234,6.052026047,93.53197359,Spinach
2,36,31,30.90225239,49.95955487,5.73171945,91.77522598,Spinach
12,27,26,29.09382275,45.5661059,5.32307197,96.23520043,Spinach
7,28,35,30.02086169,46.78393776,4.66910839,96.63721027,Spinach
0,36,26,34.13072188,51.25786185,5.101206389,96.38808001,Spinach
26,35,31,33.44619894,53.05980465,5.339556562,98.05089394,Spinach
27,21,30,35.3915464,52.48823147,5.061081874,91.22881052,Spinach
22,38,31,31.53356352,53.06009323,5.821106036,98.57025046,Spinach
22,18,31,30.7645515,47.93791463,5.956027059,90.38503469,Spinach
28,23,28,30.01821337,50.0983181,5.676032581,96.08745082,Spinach
7,31,27,31.32863689,47.59319575,6.524114355,94.67344737,Spinach
29,34,26,33.88004781,54.39416048,6.273953676,89.29147581,Spinach
8,37,33,28.07802689,54.9640534,6.128167757,97.45373619,Spinach
39,16,27,35.53845018,52.94641947,4.934964765,91.54560427,Spinach
40,24,25,28.70595247,50.44030129,5.445008416,95.8946444,Spinach
19,38,26,31.48451729,48.77926304,4.525722333,93.17221967,Spinach
21,21,30,27.69819273,51.41593238,5.403908328,100.7720705,Spinach
22,18,33,30.41235793,52.48100602,6.621623545,93.92375879,Spinach
31,20,30,32.17752026,54.01352682,6.207495815,91.88766069,Spinach
18,26,31,32.6112614,47.74916499,5.418475257,91.10190759,Spinach
24,130,195,29.99677232,81.54156612,6.112305667,67.12534492,Potatoes
13,144,204,30.7280404,82.42614055,6.092241627,68.38135469,Potatoes
22,123,205,32.44577836,83.88504863,5.896343436,68.73932528,Potatoes
36,125,196,37.46566825,80.65968681,6.15526103,66.83872293,Potatoes
24,131,196,22.03296178,83.74372787,5.732453638,65.34440794,Potatoes
2,123,198,39.64851881,82.21079946,6.253034534,70.39906054,Potatoes
35,140,197,16.77557314,82.75241875,6.106190557,66.76285469,Potatoes
11,122,195,12.14190714,83.56812483,5.647202395,69.63122027,Potatoes
6,123,203,12.7567962,81.62497448,6.130310493,66.77844567,Potatoes
17,134,204,39.04071989,80.18393287,6.499604931,73.88467027,Potatoes
25,130,197,39.70772192,82.68593454,5.554831977,74.91506217,Potatoes
27,145,205,9.467960445,82.29335466,5.800242694,66.02765219,Potatoes
9,122,201,29.58748357,80.91934392,5.570290539,68.06417307,Potatoes
16,139,203,17.82803682,80.96093443,6.27564088,65.84748763,Potatoes
32,141,204,8.825674745,82.89753705,5.536645599,67.235765,Potatoes
22,138,195,27.83487131,83.51444973,6.208196881,73.02882766,Potatoes
31,144,202,11.02105378,80.55557235,5.870600622,68.23963161,Potatoes
3,136,205,17.5862944,80.84806564,6.334771461,71.4065452,Potatoes
28,122,197,19.89363946,82.73366439,5.856575335,69.66256816,Potatoes
4,136,204,29.93707596,81.77713468,5.898944282,65.52279323,Potatoes
39,145,201,36.73126647,80.58931938,5.775600435,72.24230804,Potatoes
38,132,197,20.42094753,81.54185044,5.931101816,66.93065667,Potatoes
36,133,198,25.51939719,83.98351748,6.2286454,69.17281221,Potatoes
25,121,201,30.50734778,82.71775569,5.594240603,70.08200379,Potatoes
15,125,199,18.4269936,80.55625868,5.569230319,69.75734306,Potatoes
24,140,205,12.087022,83.59398734,5.93202852,68.66813363,Potatoes
13,132,203,23.60115364,82.48336987,6.423216506,73.23901752,Potatoes
5,126,197,12.80000387,81.20876367,6.417500829,67.10439401,Potatoes
30,120,200,38.06099482,82.24729637,6.234904253,65.70148216,Potatoes
23,142,197,39.06555518,82.03812973,6.000573725,69.30772897,Potatoes
26,135,203,33.78372897,81.16314317,5.685102769,74.53557341,Potatoes
7,126,203,16.76201707,82.00335557,5.662140095,73.28712806,Potatoes
32,139,198,35.89307536,82.66850729,6.358186848,66.53946559,Potatoes
9,141,202,21.01245395,81.17931863,6.119495295,66.38448261,Potatoes
20,142,196,10.89875873,80.01639435,6.207600783,68.69420397,Potatoes
32,129,201,16.36251869,83.00471609,6.48754639,71.55665483,Potatoes
3,134,199,20.28370163,81.32235739,5.81717753,71.06611222,Potatoes
38,138,204,25.11108456,83.25447587,6.325480034,73.01026829,Potatoes
14,131,198,33.4641162,83.86742974,5.562790949,67.92204319,Potatoes
20,122,204,11.7976469,80.86325389,6.487369687,65.06962486,Potatoes
40,126,201,11.36300891,80.03100049,6.116982944,71.18289431,Potatoes
36,128,204,25.23542319,80.68700527,5.695792761,67.03840888,Potatoes
11,132,197,15.99050693,81.23966573,5.734317007,74.40198861,Potatoes
0,137,195,22.4359017,80.18612085,6.329499832,65.3973168,Potatoes
19,123,200,34.76086052,81.03544763,6.167013532,65.70430027,Potatoes
31,136,197,31.11047251,83.34010951,5.653776058,71.43001582,Potatoes
4,134,200,28.57828803,80.95628959,5.840256272,73.34232097,Potatoes
39,139,201,41.18664903,81.01783402,5.539980812,68.68895899,Potatoes
8,127,196,27.02766138,83.17093908,5.833302165,70.95666003,Potatoes
39,138,203,21.19339319,82.33098331,6.399433771,74.62834921,Potatoes
32,120,204,10.38004759,83.44518113,6.138958698,67.3917379,Potatoes
12,142,203,31.3115978,82.56407013,5.972850838,65.01095312,Potatoes
8,133,195,20.46657776,80.97598029,6.456079585,71.29813872,Potatoes
8,139,199,29.36947679,81.53996362,6.336426667,66.13442813,Potatoes
21,134,202,10.72302459,80.02130636,6.425419926,65.2982112,Potatoes
40,140,195,14.97846952,80.49979873,6.294395676,71.63437433,Potatoes
39,127,202,15.3246651,81.67215994,6.477768039,71.60102999,Potatoes
19,120,195,18.73932187,81.12109244,5.931538447,73.55807954,Potatoes
21,139,201,19.3642553,83.36094029,5.980598579,67.15094741,Potatoes
17,136,195,41.20733624,81.61051026,6.389783283,65.90227462,Potatoes
33,139,203,33.34214482,82.51034633,5.693287415,70.68098614,Potatoes
22,133,201,23.81995682,80.12211649,6.00299607,67.2739864,Potatoes
32,130,196,40.66012294,81.24995984,6.372959542,74.03030056,Potatoes
37,135,205,11.82768186,80.2827185,5.510924849,74.10225057,Potatoes
15,140,195,13.28504331,83.54193816,5.69945282,65.80006004,Potatoes
39,132,196,35.83089092,83.32560104,5.778594403,73.67984885,Potatoes
40,121,199,26.18159716,81.03886263,6.315586313,66.05911698,Potatoes
40,132,202,24.57558351,80.70695797,5.971813006,69.706113,Potatoes
29,142,203,29.67229086,83.71498986,5.891195653,66.48490371,Potatoes
32,121,199,39.37102553,81.25353895,6.129812716,74.08101744,Potatoes
6,140,205,17.66558428,82.92903419,6.313085601,69.8671263,Potatoes
8,120,196,24.06679352,82.66396666,6.053662544,69.81855775,Potatoes
34,133,202,15.31413469,80.09711412,5.804799142,74.82144653,Potatoes
35,135,199,21.77466746,80.54942557,6.400719746,69.39630398,Potatoes
16,145,199,26.91624843,80.76838926,5.953966361,69.30927185,Potatoes
8,136,201,41.65602996,82.22118237,5.609255992,74.19664838,Potatoes
25,129,195,17.98667801,81.17712085,5.777271492,72.37127689,Potatoes
16,130,201,29.12033769,82.79092939,5.682395429,68.8503047,Potatoes
39,129,203,34.38922481,83.18392806,5.863996687,71.03001556,Potatoes
38,135,203,41.36106301,82.79782954,6.444373116,69.92107482,Potatoes
33,120,205,35.12158265,82.26890793,5.550832178,69.71518491,Potatoes
35,125,204,19.6491772,80.15215777,6.107741788,73.69529586,Potatoes
1,132,200,16.27852801,82.94270065,5.620745638,66.57462809,Potatoes
39,140,203,21.11903604,80.63399198,6.349875906,69.27779761,Potatoes
28,145,202,19.2077707,82.9042841,6.484323189,66.83113717,Potatoes
6,128,200,25.96308415,82.57813624,5.838748311,70.31782647,Potatoes
6,139,199,25.67385024,81.6212135,6.29099842,74.10919422,Potatoes
29,122,196,41.94865736,81.15595212,5.638328481,73.06862952,Potatoes
37,144,197,11.18994268,80.8084305,6.415555956,66.34234944,Potatoes
38,120,197,17.5438296,82.94703302,6.323722572,73.77063744,Potatoes
38,141,198,13.05809741,80.28297993,5.757009965,70.75633584,Potatoes
14,121,203,9.724457611,83.74765639,6.158689406,74.46411148,Potatoes
6,125,204,27.92004934,82.93262435,5.733539807,69.92092839,Potatoes
32,138,197,9.535585543,80.73112694,5.908724337,69.44115171,Potatoes
11,124,204,13.42988625,80.06633966,6.361141107,71.40043037,Potatoes
23,138,200,9.851242629,80.22631717,5.96537863,68.42802444,Potatoes
40,143,201,24.97256132,82.72828653,6.476757723,66.70016285,Potatoes
6,142,202,27.23708304,82.94573346,6.224542938,70.42508897,Potatoes
37,124,195,18.70679077,83.4795292,6.209928251,66.5964488,Potatoes
35,134,204,9.949929082,82.55138983,5.841138354,66.00817551,Potatoes
119,25,51,26.47330219,80.92254421,6.283818329,53.65742581,Tomatoes
119,19,55,25.18780042,83.44621709,6.818261383,46.87420883,Tomatoes
105,30,50,25.29954705,81.77527562,6.37620108,57.04147057,Tomatoes
114,8,50,24.74631269,88.30866319,6.581587932,57.95826144,Tomatoes
93,22,52,26.58740671,81.32563243,6.932739726,41.87540028,Tomatoes
80,26,55,24.53442564,88.989272,6.140099215,49.11618732,Tomatoes
85,27,45,26.0713757,88.7285657,6.467095849,57.79652846,Tomatoes
85,22,53,25.96534238,89.77076659,6.849471704,59.46338556,Tomatoes
82,22,45,26.22338015,85.34866045,6.512196212,54.60159289,Tomatoes
118,13,54,24.41311871,89.81574032,6.039584629,44.07843475,Tomatoes
83,25,53,26.49195283,80.04678201,6.057697106,57.72799157,Tomatoes
86,15,47,24.04355803,84.18406764,6.423898762,53.78929956,Tomatoes
101,10,47,25.5421695,83.31883376,6.936997681,57.57343233,Tomatoes
119,9,50,26.74550678,83.9195902,6.251286661,40.794305,Tomatoes
104,17,46,25.7131428,80.22972777,6.190015912,43.08961827,Tomatoes
95,12,51,25.76484262,84.1726996,6.681606702,44.22066914,Tomatoes
102,14,52,26.79489868,89.64815231,6.51075991,57.74091817,Tomatoes
109,21,55,24.9004602,89.73524177,6.770278088,57.44942094,Tomatoes
81,18,50,26.80750629,88.22874955,6.429788073,58.79889057,Tomatoes
103,17,51,25.11189154,80.02621335,6.209888345,44.20656987,Tomatoes
105,14,50,26.2148837,87.6883982,6.419052193,59.65590798,Tomatoes
97,8,52,24.9103226,86.97190046,6.237861736,49.48575692,Tomatoes
120,19,49,25.79448878,84.26830701,6.762471629,56.45229202,Tomatoes
95,16,55,25.26931156,87.55055105,6.612847999,40.12650421,Tomatoes
83,29,52,25.76402693,87.5931128,6.704688865,46.05122728,Tomatoes
83,9,45,25.85483596,89.13163965,6.049609892,46.85176955,Tomatoes
91,21,50,24.33528185,81.44030363,6.762030215,48.32113628,Tomatoes
116,5,54,25.37601283,80.99313508,6.65398725,57.23028471,Tomatoes
112,28,54,24.86094646,85.05318563,6.738030547,55.29563514,Tomatoes
88,29,51,24.71885473,88.94568335,6.095689937,48.45978627,Tomatoes
118,15,45,24.21495706,84.20576992,6.538006356,48.01138482,Tomatoes
92,21,48,25.81692236,82.043255,6.377427122,54.82963379,Tomatoes
106,14,45,24.47018505,84.16390229,6.417011754,57.26773002,Tomatoes
99,5,47,24.13078816,84.84494575,6.649086972,51.19470197,Tomatoes
98,8,51,26.1793464,86.52258079,6.25933595,49.43050977,Tomatoes
108,22,46,26.17668721,86.7295205,6.121168559,53.33484977,Tomatoes
119,7,55,26.03867719,84.6378378,6.031424482,44.3993381,Tomatoes
117,27,48,26.53259325,82.39053979,6.835268184,54.30660782,Tomatoes
109,10,53,26.81938687,87.8274604,6.551750306,46.06193778,Tomatoes
80,16,46,25.50405534,81.40297428,6.940236218,48.47833278,Tomatoes
100,18,52,26.20234499,80.38266489,6.87606733,56.47941847,Tomatoes
91,7,53,25.13735887,89.28272716,6.457216535,43.52897517,Tomatoes
86,6,53,25.92030221,83.47202566,6.921847888,42.10681516,Tomatoes
107,5,52,26.6634609,89.98405233,6.881425746,57.40847165,Tomatoes
103,16,49,24.06731461,81.64075303,6.915717008,51.75212401,Tomatoes
101,20,48,24.6774157,82.75411437,6.206247494,57.05709413,Tomatoes
85,25,47,26.11440416,87.64081095,6.29542477,58.48160844,Tomatoes
84,7,51,26.81530456,87.65694462,6.399669044,55.74073582,Tomatoes
102,28,54,25.15623099,80.27525115,6.862157042,55.49541453,Tomatoes
98,25,52,25.2801372,83.15393658,6.224066378,49.29456609,Tomatoes
97,25,50,26.22005978,80.90127035,6.093814669,49.08553937,Tomatoes
90,16,45,24.92093261,80.61750795,6.291540278,50.55710813,Tomatoes
95,12,46,26.21667586,81.01009354,6.32281728,54.65423596,Tomatoes
82,23,49,26.81383586,87.21986949,6.873283991,51.70497792,Tomatoes
82,25,51,24.31334971,87.47409052,6.074209622,48.11248366,Tomatoes
110,28,46,24.29105004,88.04541346,6.49889585,51.26046418,Tomatoes
118,21,51,24.42998931,86.33904774,6.678805092,48.58241822,Tomatoes
120,20,45,25.66576039,88.6984228,6.114128685,54.22722466,Tomatoes
91,7,52,25.07803672,83.46230461,6.405054243,56.39962921,Tomatoes
81,6,55,24.88910524,85.87059083,6.110142735,51.70699144,Tomatoes
101,13,54,25.42900869,82.91481799,6.828982708,56.34144589,Tomatoes
101,17,55,24.37118217,87.1269128,6.451499764,44.63907691,Tomatoes
111,6,53,26.4930645,88.59143088,6.313512999,46.06382209,Tomatoes
107,10,49,25.83202912,89.00481725,6.755192025,45.24690619,Tomatoes
115,11,46,24.41592661,89.39655519,6.623167177,40.32161859,Tomatoes
84,25,52,24.37190239,81.2514818,6.12532356,44.20899581,Tomatoes
120,7,47,24.24782473,83.03687902,6.653867608,54.7657624,Tomatoes
91,12,46,24.64458469,85.49938185,6.343942518,48.31219031,Tomatoes
89,22,52,24.89681131,86.10782926,6.217300786,53.14626213,Tomatoes
113,19,46,25.41864024,81.12122989,6.286387658,49.52320689,Tomatoes
97,22,50,26.26028739,86.14585891,6.7698938,58.97878791,Tomatoes
117,30,50,24.90123934,87.20772913,6.744966312,46.59207341,Tomatoes
90,14,52,24.84740848,89.20454622,6.391858432,59.67927244,Tomatoes
104,23,47,26.98212846,86.70068316,6.770434148,42.91292205,Tomatoes
81,16,45,26.90435747,86.25426228,6.727468157,59.75980023,Tomatoes
88,5,47,25.86475496,86.67468041,6.662244646,41.16554802,Tomatoes
92,7,45,26.70607759,81.14149505,6.944640222,51.51033554,Tomatoes
81,18,50,26.44019475,80.91934337,6.507110986,47.81847573,Tomatoes
111,5,55,26.283443,84.42478917,6.520663422,50.78669728,Tomatoes
108,23,51,26.84366082,83.85039964,6.106500787,40.228644,Tomatoes
113,30,50,26.03967219,83.9862443,6.277484043,43.87712348,Tomatoes
83,10,53,24.92994759,85.00802358,6.195142279,48.75859458,Tomatoes
101,11,51,25.50736962,84.24340241,6.792035575,44.2068997,Tomatoes
114,21,55,25.4438391,87.9392312,6.472756256,57.51549686,Tomatoes
99,6,45,26.12588914,86.5507939,6.000975617,40.71210074,Tomatoes
92,20,55,25.10474753,87.5267616,6.587791262,59.26519444,Tomatoes
92,7,48,26.27520631,86.63249555,6.956508826,54.38748495,Tomatoes
91,24,55,26.27061608,83.09194521,6.259086583,46.76837499,Tomatoes
110,21,54,26.73690828,87.82430156,6.747537642,47.46447019,Tomatoes
112,25,51,25.04746944,85.5667282,6.932537231,56.72496677,Tomatoes
89,25,54,24.69368934,85.56967628,6.353107393,48.99390828,Tomatoes
100,10,53,24.54356968,84.60808277,6.211748957,42.00660251,Tomatoes
83,22,54,25.89762315,81.96664832,6.277245254,54.49960057,Tomatoes
95,14,50,26.6333118,84.31756844,6.560443519,56.31866159,Tomatoes
119,30,49,25.35794749,80.45846265,6.903020221,47.72078245,Tomatoes
97,12,47,25.28784623,89.63667876,6.765094964,58.28697664,Tomatoes
110,7,45,26.63838589,84.69546874,6.189213927,48.32428609,Tomatoes
96,18,50,25.3310446,84.30533791,6.904241707,41.53218699,Tomatoes
83,23,55,26.89750174,83.89241484,6.463271076,43.97193745,Tomatoes
120,24,47,26.98603693,89.4138489,6.260838965,58.54876687,Tomatoes
24,128,196,22.75088787,90.69489172,5.521466996,110.4317855,Bell Peppers
7,144,197,23.8494014,94.34814995,6.133220586,114.0512495,Bell Peppers
14,128,205,22.60800988,94.58900601,6.226289556,116.0396587,Bell Peppers
8,120,201,21.18667419,91.13435689,6.321152192,122.233323,Bell Peppers
20,129,201,23.41044706,91.69913296,5.587905967,116.0777931,Bell Peppers
32,137,204,22.86006627,93.12859895,5.824151693,117.7296726,Bell Peppers
27,139,205,22.48403042,93.40819246,5.772179946,105.5473627,Bell Peppers
0,123,205,22.02775403,92.96129462,5.790993052,121.1349176,Bell Peppers
22,144,196,21.91191314,91.68748063,6.499226821,117.0761277,Bell Peppers
1,124,199,23.71059131,93.27392415,5.658473817,112.6676589,Bell Peppers
30,122,197,21.37784654,92.72043743,5.573241391,106.1417017,Bell Peppers
29,121,196,22.84852833,94.32130209,6.079497202,123.5977843,Bell Peppers
13,126,204,23.1094265,92.79630809,6.383180271,108.183792,Bell Peppers
9,139,199,23.25230817,94.54128292,5.867420996,105.3558408,Bell Peppers
0,133,200,23.67287749,90.4935574,5.708418722,104.2298028,Bell Peppers
30,143,199,23.76881552,90.59810302,5.7983508,102.2648546,Bell Peppers
36,140,198,23.34386401,91.47684705,6.28188384,104.4267991,Bell Peppers
37,137,199,22.63946441,90.18451645,5.697945522,108.3405879,Bell Peppers
33,121,203,22.45696744,94.76285385,5.605934087,114.8407725,Bell Peppers
7,144,195,22.96388477,93.58065995,5.85648105,104.6472986,Bell Peppers
35,128,205,21.07273439,93.56585985,6.041053829,107.8737015,Bell Peppers
29,128,198,22.44075021,92.70785115,5.685062404,121.4977331,Bell Peppers
2,143,196,22.71271308,90.45261746,5.669489065,109.8852597,Bell Peppers
34,140,198,21.70416965,93.44006288,5.751707342,115.1781396,Bell Peppers
29,144,204,22.43324518,92.48667725,5.800448951,119.1025189,Bell Peppers
32,141,203,21.25941052,92.84416234,5.821347769,109.0658471,Bell Peppers
13,144,197,22.9215706,94.89613443,6.28022267,105.6941544,Bell Peppers
25,143,198,22.81212536,91.51861705,6.027314401,107.855225,Bell Peppers
9,137,200,21.12152071,90.6878768,5.636687393,102.8017203,Bell Peppers
6,144,198,21.11478672,90.31528693,5.559363609,104.5086618,Bell Peppers
37,126,196,23.59997268,90.97597665,5.596449493,107.1728191,Bell Peppers
2,120,203,23.12652652,94.71203306,5.893492999,108.6211833,Bell Peppers
11,143,197,22.98458907,93.3204487,5.875718516,122.1952483,Bell Peppers
10,141,201,22.12659387,90.97818277,6.386021424,104.5412275,Bell Peppers
24,142,202,22.53779727,91.48135786,5.710819862,101.8474768,Bell Peppers
23,138,195,22.49095104,91.70292746,5.795985716,124.3915101,Bell Peppers
18,125,204,22.35548159,94.47811755,6.046673619,116.7366261,Bell Peppers
13,121,196,22.20700989,93.50574163,6.443382913,120.1593771,Bell Peppers
26,122,202,22.44516988,94.73763514,5.617227184,107.1843273,Bell Peppers
28,123,202,22.76643029,92.12438519,6.442289294,120.4359949,Bell Peppers
26,121,201,22.19109412,90.02575116,6.162034371,112.3126628,Bell Peppers
21,137,196,23.6119202,91.70293849,5.812781806,123.5900822,Bell Peppers
21,135,198,23.86087054,94.92048112,5.765015126,105.0241329,Bell Peppers
5,144,205,21.42177231,92.62665309,6.184922574,102.8045658,Bell Peppers
2,123,205,22.36629253,90.78572467,5.739652177,124.9831618,Bell Peppers
15,133,199,23.99686172,91.61001707,5.824778636,117.6102915,Bell Peppers
31,130,198,21.80129837,92.73446667,5.554823557,120.0586671,Bell Peppers
25,143,200,23.80436344,92.80441624,6.024248787,100.6192543,Bell Peppers
16,143,204,23.71475278,91.53331177,5.631333387,121.8961665,Bell Peppers
19,122,202,23.34467359,90.37981478,5.811975094,112.8954016,Bell Peppers
10,125,196,22.31253665,90.03577124,5.730557448,113.0688155,Bell Peppers
20,139,202,23.50201428,92.21083961,5.66999105,107.9868949,Bell Peppers
28,123,198,23.46260321,91.45665004,5.682751473,111.7763395,Bell Peppers
28,136,200,23.06204373,92.39544055,6.245858905,114.7399101,Bell Peppers
2,131,199,22.47420512,91.22759742,6.017370134,124.2179699,Bell Peppers
2,140,197,22.69780133,92.82223419,5.53456749,105.0508234,Bell Peppers
27,138,201,23.66682067,93.90191078,5.952367662,105.4004751,Bell Peppers
30,127,204,22.50050273,92.45878335,6.126436584,100.9343903,Bell Peppers
32,145,203,23.83053666,90.84422164,6.406818518,109.5966791,Bell Peppers
29,139,205,23.64142354,93.74461474,6.155939453,116.6912176,Bell Peppers
26,126,195,21.41363812,92.99124545,5.878568981,118.3979065,Bell Peppers
40,136,202,22.85267372,94.5764581,5.935336308,117.5314026,Bell Peppers
6,124,200,22.98208095,93.84505029,5.971332179,109.5852253,Bell Peppers
35,138,200,21.19909519,90.80819418,5.67130617,103.6838922,Bell Peppers
17,136,196,23.87192332,90.49939035,5.882155988,103.0548094,Bell Peppers
33,134,205,21.0365275,94.33919546,6.08551916,114.7412734,Bell Peppers
16,143,197,22.61711614,93.51978375,5.90402645,116.9256766,Bell Peppers
27,120,200,21.45278675,90.74531921,6.110218826,116.7036582,Bell Peppers
29,145,205,22.81227579,92.12992101,6.212302608,109.3383552,Bell Peppers
3,141,197,21.98141856,91.12719303,6.142803397,115.4789148,Bell Peppers
15,123,204,22.52709326,92.54780429,6.365972688,115.3830068,Bell Peppers
5,136,195,22.35628673,91.92360477,6.264202804,107.7697413,Bell Peppers
10,136,204,21.19852186,92.15595143,6.276198595,105.8554351,Bell Peppers
7,141,195,23.8812458,93.45067555,5.514253142,104.9116663,Bell Peppers
2,129,201,22.78234161,94.36803516,5.682343744,122.1449949,Bell Peppers
29,138,197,22.19055385,92.43764169,5.830892252,121.6622761,Bell Peppers
30,137,200,22.91430043,90.70475565,5.603413172,118.6044645,Bell Peppers
29,132,204,23.08950736,90.22507299,6.0967531,108.2166601,Bell Peppers
14,139,197,21.72484506,92.83975602,6.056529526,121.6961761,Bell Peppers
18,125,203,22.44307715,91.59234006,6.160267496,102.5565807,Bell Peppers
33,143,204,21.1316077,91.95769858,5.814434775,122.5391946,Bell Peppers
40,144,196,22.71750705,92.25479855,5.987262638,107.0289866,Bell Peppers
9,143,197,23.75033085,92.88160462,5.570020684,117.6602827,Bell Peppers
38,135,203,23.76121837,93.661643,5.965551311,100.825956,Bell Peppers
28,130,196,22.13450646,94.67695747,6.062356467,112.9203223,Bell Peppers
35,142,203,21.17089176,90.23730166,5.895319002,123.6495149,Bell Peppers
12,129,205,22.36238282,91.15761594,6.119432215,118.6832725,Bell Peppers
1,135,203,22.77856513,92.70124029,5.624203283,113.7759219,Bell Peppers
0,145,205,21.22503442,90.09877774,5.52078314,113.9760462,Bell Peppers
31,121,201,23.15791104,90.34396882,5.731535258,110.712841,Bell Peppers
35,131,203,22.42776057,93.91722423,5.893490899,102.7230739,Bell Peppers
29,140,195,23.64082979,90.95257927,5.560521058,116.7431319,Bell Peppers
33,138,198,22.29423493,90.69033986,6.222390798,122.7418744,Bell Peppers
14,140,197,23.35225078,90.90054697,6.071255131,113.0381382,Bell Peppers
35,145,195,22.03911546,94.58075845,6.231950009,110.9804014,Bell Peppers
40,120,197,23.80593812,92.48879468,5.889480679,119.6335548,Bell Peppers
25,132,198,22.31944084,90.85174383,5.732757516,100.1173443,Bell Peppers
31,137,196,22.14464104,93.82567435,6.400321212,120.6310784,Bell Peppers
36,144,196,23.65167552,94.50528753,6.496934492,115.3611268,Bell Peppers
10,140,197,22.16939473,90.27185592,6.229498836,124.4683112,Bell Peppers
18,30,29,26.7627493,92.86056895,6.420018717,224.5903664,Cucumbers
37,23,28,25.61294367,94.3138837,5.740054567,224.3206759,Cucumbers
13,28,33,28.130115,95.64807631,5.686972967,151.0761899,Cucumbers
2,21,35,25.02887163,91.53720922,6.293662363,179.8248944,Cucumbers
10,18,35,27.79797651,99.64573002,6.381975465,181.6942283,Cucumbers
7,11,32,29.25902906,95.11294697,5.542169139,184.7624496,Cucumbers
39,5,31,27.10134661,93.69979946,5.551963184,150.9502632,Cucumbers
34,6,27,25.84726298,90.92669463,5.860740481,147.8888994,Cucumbers
31,30,29,26.58580443,90.98617591,5.558807063,178.8116076,Cucumbers
25,7,35,28.38503882,99.18843684,5.55771171,189.6711349,Cucumbers
16,18,26,28.43647052,91.81320717,5.568365926,145.5414413,Cucumbers
26,10,33,28.27298134,96.93649473,6.07071786,198.8234862,Cucumbers
27,8,32,27.00648436,96.46168931,5.627860549,144.3331315,Cucumbers
37,18,30,27.63551259,99.34854917,6.38488418,157.9171537,Cucumbers
19,15,34,26.29644905,99.65809151,5.685889066,215.9195049,Cucumbers
0,19,33,27.1326009,95.23797989,6.234458417,204.7206567,Cucumbers
31,20,26,25.56567803,97.61361544,6.443168642,199.7936345,Cucumbers
9,17,32,25.94951662,93.40548703,5.842317989,172.0540491,Cucumbers
22,11,29,28.03380598,95.01630593,5.955742971,218.0055713,Cucumbers
31,6,26,29.12859129,91.30924833,5.741367375,157.2388553,Cucumbers
34,6,30,27.0828252,97.00155491,5.948342571,171.7575545,Cucumbers
24,6,32,28.11321494,90.01734526,6.387067562,172.4813641,Cucumbers
1,8,26,27.5136304,94.18955816,5.562911913,156.6732553,Cucumbers
31,13,33,27.63834933,95.48763389,5.85971872,205.5463111,Cucumbers
10,9,28,29.01256899,94.01014388,6.282955073,150.0500312,Cucumbers
36,27,26,26.58413917,95.78923137,6.25449571,171.6262299,Cucumbers
38,24,33,28.28905147,97.00396405,5.973853124,142.9403233,Cucumbers
11,6,25,28.69164799,96.65248672,6.081568052,178.9635457,Cucumbers
16,14,30,29.70931288,96.30484325,6.37466756,209.8453993,Cucumbers
33,14,35,27.14865285,96.66355213,6.027707171,149.2433497,Cucumbers
16,6,29,29.28725038,91.95614918,5.868285082,132.1491176,Cucumbers
32,11,31,25.06871967,93.31410447,6.205931638,134.8419069,Cucumbers
38,14,30,26.92449525,91.20106019,5.570745386,194.9022136,Cucumbers
8,6,33,28.27804288,93.64761266,6.095261013,171.9457959,Cucumbers
23,6,33,29.18032562,92.73041222,6.025789594,204.9603677,Cucumbers
29,25,35,28.3575072,91.64509299,5.542873799,160.7306991,Cucumbers
24,14,33,29.38072512,93.27565685,6.366219551,218.5241851,Cucumbers
32,12,30,25.39241091,98.08951196,5.579845008,218.080385,Cucumbers
30,25,31,26.31270635,98.62048026,5.804965067,208.1181381,Cucumbers
14,21,35,29.52501367,91.91185319,6.121005506,194.3100272,Cucumbers
27,22,29,28.83214859,92.17170353,6.000248647,145.4172387,Cucumbers
40,5,29,28.48444906,97.76865458,5.820978791,160.389421,Cucumbers
17,11,32,28.74013335,93.39676499,5.620733794,156.7650823,Cucumbers
30,30,35,25.00872392,95.59224018,6.001936419,165.8092179,Cucumbers
28,10,30,29.8690834,91.14723422,6.305740522,192.7678575,Cucumbers
39,7,29,27.54273211,94.59086121,6.362544111,150.2012138,Cucumbers
32,20,35,26.52166434,98.38227669,5.588655387,144.6261698,Cucumbers
7,15,32,25.03512351,95.89739958,6.182232762,174.796583,Cucumbers
29,17,29,29.20394909,95.66997327,5.959493188,211.2506267,Cucumbers
34,15,34,27.05826457,91.10510371,5.677282678,224.7006953,Cucumbers
14,23,25,26.18552389,96.96637916,5.612122797,135.4186222,Cucumbers
18,19,29,27.59376845,92.48519606,6.206077742,162.8432736,Cucumbers
7,21,35,25.76011662,94.65830608,5.764812076,131.2451414,Cucumbers
24,27,34,28.87862994,95.11320315,6.203376525,145.0583117,Cucumbers
39,29,29,26.50908611,94.48414544,6.143662699,199.8778403,Cucumbers
29,8,28,26.87037587,91.72546257,6.100429497,214.4128874,Cucumbers
10,24,27,27.57283516,94.90485697,5.708409601,145.9298935,Cucumbers
0,29,32,28.05912437,98.3670985,5.868255858,171.6516396,Cucumbers
32,11,31,29.51611558,92.56492864,6.461225827,131.2116167,Cucumbers
37,10,32,28.96318258,95.16333673,6.165084855,222.803013,Cucumbers
20,29,27,25.09897688,92.36099489,6.047044342,157.7592626,Cucumbers
31,29,35,27.1872282,92.19906776,6.137102505,141.3220576,Cucumbers
17,30,27,29.03065024,90.79093862,5.894027065,205.5720367,Cucumbers
1,12,30,27.754298,95.94643831,5.56222383,131.0900076,Cucumbers
6,13,29,27.31155708,99.96906006,5.832608028,201.8258633,Cucumbers
15,28,32,28.84270971,99.64328526,6.218571874,224.4016682,Cucumbers
27,24,29,26.61423461,96.97300803,6.142010637,191.006688,Cucumbers
3,23,30,29.70143197,95.65754365,6.078807239,215.1968037,Cucumbers
8,26,26,25.54759871,91.64194826,5.702484758,212.867626,Cucumbers
20,28,26,26.37978453,91.49882979,5.547594847,167.0470997,Cucumbers
26,18,27,27.45907759,92.90736493,5.836075368,142.1430003,Cucumbers
1,6,35,27.02269204,95.71935435,6.231662767,147.1682459,Cucumbers
27,30,31,28.98545306,90.73966792,5.718120393,148.8398374,Cucumbers
23,7,34,26.1055118,91.52421214,5.852038202,134.1279669,Cucumbers
0,26,31,25.0707247,95.02156793,5.547933273,192.9036306,Cucumbers
38,6,25,25.54963273,96.92786777,6.156259104,191.2996157,Cucumbers
25,12,26,28.56973521,95.67906668,6.436314406,134.8370348,Cucumbers
40,5,32,26.07010807,96.7036223,5.981169595,143.533473,Cucumbers
0,19,31,25.51791333,94.38420565,6.271952833,178.7297725,Cucumbers
26,9,32,25.9490364,94.73860514,6.470465614,144.1571109,Cucumbers
35,30,34,28.2974764,95.41122824,6.141502001,182.4482352,Cucumbers
19,30,30,29.56549169,91.40896307,5.826381164,224.8315729,Cucumbers
31,13,33,29.69952329,95.21224392,6.342463714,148.3003692,Cucumbers
17,29,26,26.14162144,93.28415295,6.071897347,195.4115025,Cucumbers
2,30,30,26.00175125,94.79998418,6.331051715,209.540094,Cucumbers
30,13,25,27.15116142,91.48889469,6.413184638,164.9182225,Cucumbers
8,15,33,28.97318719,98.09861043,5.50158009,213.9011021,Cucumbers
18,12,35,26.13958446,96.38580769,6.338720873,131.3387935,Cucumbers
8,28,30,25.51618488,94.33465411,6.015672239,135.1272491,Cucumbers
40,22,29,27.55821802,99.98187601,5.735364307,174.6256481,Cucumbers
27,10,33,27.81132822,97.48410555,6.465906333,154.0621221,Cucumbers
21,20,31,25.60033702,99.7240104,5.855457599,165.8248732,Cucumbers
3,9,35,26.91641934,99.84671638,6.318552973,225.6323656,Cucumbers
22,16,27,29.1797902,90.27214288,6.006784979,188.9252083,Cucumbers
27,8,30,26.44600063,98.29937782,6.008386283,221.2258168,Cucumbers
22,8,33,28.43572863,95.8840407,5.665785202,203.9283708,Cucumbers
28,27,32,28.94099669,93.00109012,5.764615485,191.7723087,Cucumbers
23,21,26,26.45488737,93.45042636,5.901495544,149.2220255,Cucumbers
37,5,34,25.79490531,93.84150618,5.779032666,152.4238712,Cucumbers
19,26,29,26.93141945,98.80313612,5.67154928,166.5712879,Cucumbers
133,47,24,24.40228894,79.19732001,7.231324765,90.8022356,Onions
136,36,20,23.09595631,84.86275707,6.925412377,71.29581071,Onions
104,47,18,23.9656349,76.97696717,7.633437412,90.75616738,Onions
133,47,23,24.88738107,75.62137159,6.827354668,89.76050416,Onions
126,38,23,25.36243778,83.63276077,6.176716425,88.43618918,Onions
126,50,19,24.69457084,81.7358876,6.628722836,78.58494391,Onions
113,41,20,25.0017188,80.53965818,7.256877571,96.32600992,Onions
121,45,22,22.45942937,81.30681027,6.443785385,64.23026638,Onions
121,47,16,23.60564038,79.29573149,7.723240151,72.49800885,Onions
129,60,22,24.58453146,79.12404171,5.947448589,71.94608134,Onions
107,45,25,23.0865933,83.55546146,7.227745516,71.84080724,Onions
122,59,18,23.5000992,83.63488952,6.219469084,79.81328183,Onions
140,38,15,24.1472953,75.88298598,6.021439523,69.91563467,Onions
102,49,21,24.69315538,84.84422454,6.253343655,89.799462,Onions
111,40,25,24.484692,84.44932014,6.187455799,90.94342484,Onions
131,35,18,24.49112609,82.24415809,7.057693366,64.02949379,Onions
135,43,16,23.47986888,81.73049149,6.720449769,86.76287924,Onions
100,46,18,24.18586246,76.04203958,6.431689506,69.08056728,Onions
123,39,24,25.00755095,78.17952126,7.453106264,86.06411872,Onions
117,56,15,25.99237426,77.0543546,7.368258226,89.1188212,Onions
121,36,24,23.66457347,81.69105088,7.352401887,99.36898373,Onions
101,58,18,25.66891439,81.38103349,6.652143699,78.59595817,Onions
107,42,24,22.04612876,84.62978302,6.144631795,86.00758678,Onions
100,41,22,22.4204752,84.55794703,7.318802162,93.46595573,Onions
125,39,21,25.03149561,82.21276599,7.954629324,95.0191318,Onions
105,60,23,23.53371386,77.21705554,6.207652157,87.54004943,Onions
102,46,19,22.77076388,82.5993307,6.631005298,81.49543437,Onions
131,49,22,25.49848236,79.9751579,7.306918817,67.05961949,Onions
139,35,15,25.248679,83.4630147,5.898293044,86.55517751,Onions
108,36,19,22.78249615,77.51235009,7.238566893,64.61444234,Onions
118,45,23,23.37044424,77.43198948,7.977651226,71.67870701,Onions
107,51,22,24.86560781,78.22080815,5.983075895,79.56866268,Onions
125,60,17,24.14386157,84.51591287,6.785723961,80.36146974,Onions
113,37,20,25.03300222,79.04368718,7.393441155,97.10087029,Onions
131,52,16,23.65724079,84.47601498,6.486068274,88.54479121,Onions
115,48,16,25.54359718,84.09229796,7.175934962,88.94245493,Onions
113,38,25,22.00085141,79.47270984,7.388265888,90.42224164,Onions
111,41,18,23.64328417,78.1258666,6.10539819,80.96157332,Onions
111,53,19,23.96436009,78.02763149,6.419536555,84.63148859,Onions
122,48,16,24.65425757,75.6350708,6.307585854,61.82980133,Onions
108,46,17,24.3017998,84.87668973,6.93221485,65.0247867,Onions
132,41,22,24.29144926,81.02453404,7.810865753,90.41694635,Onions
103,42,17,24.29470232,84.61527627,6.527541661,81.05902285,Onions
133,50,25,25.72180042,81.19666206,7.569454601,99.93100821,Onions
127,37,18,24.87663664,76.30050373,7.041065585,91.9223468,Onions
110,39,25,22.60612115,77.34264002,7.208795456,75.13617229,Onions
131,38,19,23.86814008,75.68339729,6.814341946,90.4547185,Onions
108,38,24,23.41022496,76.43836957,7.442217061,78.82199603,Onions
122,40,17,24.96440768,81.31677618,6.854558957,80.03995829,Onions
111,50,15,25.16820129,80.30351815,7.884550475,84.62419032,Onions
140,40,17,22.72767171,77.07598065,6.006085786,77.55176318,Onions
100,40,20,22.45145981,76.25674874,7.432043735,86.84998693,Onions
123,50,16,23.04920461,75.53835214,6.498052108,70.65644296,Onions
107,36,21,25.29250148,75.66653335,6.205263534,62.64174227,Onions
118,50,19,22.95604064,82.33733678,6.360812227,66.48339303,Onions
103,51,20,22.80213132,84.14668447,7.046607434,91.6389565,Onions
133,57,19,23.54234715,75.98203329,7.947011366,84.12536744,Onions
129,47,20,24.41212325,80.80343786,6.281913858,98.60457373,Onions
116,52,19,22.94276687,75.37170612,6.114525877,67.08022574,Onions
114,40,23,25.53676123,81.13668716,6.753978061,95.4262599,Onions
131,60,17,25.32023717,81.79475917,7.425041316,83.46532547,Onions
107,43,18,22.426733,81.53480799,6.745104394,65.54475812,Onions
123,44,21,25.78544484,75.00539324,7.641116569,91.39578861,Onions
112,49,25,25.68959532,77.90621048,6.470135478,66.19426787,Onions
119,44,15,22.14593688,82.8597549,7.091992365,60.65381719,Onions
130,59,19,25.07278712,82.50257909,6.520403794,93.51042684,Onions
127,53,24,22.21506982,76.17851932,6.127939628,70.40557612,Onions
134,52,18,23.9643129,76.59175937,7.994679507,76.13090645,Onions
109,36,18,25.40059227,76.53237965,7.524707577,62.5138867,Onions
100,48,17,23.7805123,83.03878838,7.827877818,66.26555904,Onions
132,52,19,24.16402322,76.7433897,6.436691764,61.94626051,Onions
102,37,25,25.31468463,77.91757121,5.907930899,72.82902109,Onions
111,39,22,22.60361557,80.3509046,6.135025006,88.57395505,Onions
117,51,15,22.9535715,78.71555832,6.044556594,99.75336197,Onions
136,36,24,22.74446976,80.41198458,7.59781958,90.07326633,Onions
134,56,18,23.80834611,83.91902605,6.691268104,70.97358303,Onions
112,54,15,25.46228792,81.56641891,6.175492306,76.88582484,Onions
105,56,15,25.96779712,81.97904282,7.272316209,74.14169043,Onions
140,45,15,25.5308271,80.04662756,5.801047545,99.39557151,Onions
126,46,25,24.43847399,81.69801729,6.757457943,60.79645852,Onions
106,49,24,23.03887865,76.47039772,6.983395573,90.64770699,Onions
121,53,19,23.51308653,76.72621429,7.976889498,80.11272117,Onions
108,60,17,22.75805656,76.75768356,6.558902588,97.76600619,Onions
116,56,17,24.71252544,77.7293114,7.979090365,85.24963302,Onions
100,52,19,23.45969093,82.44777468,7.903528673,93.50153555,Onions
129,43,16,25.5503704,77.85055621,6.73210948,78.58488484,Onions
118,44,23,22.08458267,82.82904143,6.691690476,67.06459777,Onions
117,43,25,24.68854799,78.51206972,7.839849298,69.31153566,Onions
126,37,21,25.84997269,84.16855231,6.61448588,77.03421249,Onions
120,48,16,22.46054478,75.40989245,7.456971816,71.85436078,Onions
102,45,16,23.65629976,77.52425987,7.2942193,74.8984994,Onions
131,56,20,22.00817088,81.83896111,7.762647875,92.23645249,Onions
114,40,17,24.32630461,80.13456404,6.363406102,69.45072055,Onions
101,37,18,22.92360984,82.68738535,7.63737841,92.91915074,Onions
106,46,20,23.43821725,78.63388824,6.200671976,81.15072105,Onions
113,38,20,22.10718988,78.58320116,6.364729934,74.94136567,Onions
102,53,21,23.03814028,76.11021529,6.913678684,91.49697481,Onions
110,39,18,24.54795322,75.39752705,7.766259769,63.88079866,Onions
107,58,15,23.73868041,75.77503808,7.55606399,76.63669195,Onions
120,60,15,22.31871914,83.86129998,7.288377241,65.35747011,Onions
91,21,26,26.33377983,57.36469955,7.261313694,191.6549412,Lettuce
107,21,26,26.45288458,55.32222678,7.235070264,144.6861336,Lettuce
83,38,35,25.70822684,52.88667115,7.18915558,136.7325092,Lettuce
108,24,31,24.12832546,56.18107663,6.431899748,147.2757818,Lettuce
116,28,34,23.44372334,60.39523266,6.42321105,122.2103248,Lettuce
116,23,25,23.4123707,52.26994674,6.869720196,139.3670753,Lettuce
109,31,27,23.05951896,50.40609436,6.973839707,164.4971875,Lettuce
89,25,34,23.07895447,63.65861483,7.184801627,129.8765443,Lettuce
118,18,32,27.6496114,51.11044023,6.351823783,122.8392822,Lettuce
111,32,34,25.46743689,69.35161206,6.392048018,171.3764462,Lettuce
84,36,28,26.7350622,55.55164819,6.119892347,140.6305213,Lettuce
85,33,25,26.20811417,52.50987966,6.910823945,189.0944824,Lettuce
99,15,27,27.0424167,57.27927475,6.501157208,165.6872119,Lettuce
81,30,31,24.65090184,51.93952357,7.027585559,135.1386537,Lettuce
95,39,29,27.35152643,55.99375012,7.13411409,148.9812525,Lettuce
81,34,30,25.17787724,62.26244581,6.647765997,135.0119649,Lettuce
80,15,28,23.11438731,68.00096043,6.703270635,161.8944624,Lettuce
104,20,26,27.22783677,52.95261751,7.493191968,175.7260273,Lettuce
109,29,28,23.26316991,60.5160021,6.724688503,194.1755471,Lettuce
100,32,26,25.234661,57.53161469,6.043485685,124.2261737,Lettuce
100,24,28,25.59535262,57.72920846,7.101661011,195.7733251,Lettuce
83,21,28,25.5674832,60.49244602,7.466900683,190.2257843,Lettuce
120,23,28,25.67324193,51.29043632,6.877799264,196.2736367,Lettuce
104,26,30,24.40726724,62.65692638,6.410992833,148.6977358,Lettuce
108,33,31,23.69287069,66.76090123,7.393825704,144.6576424,Lettuce
91,25,26,24.53460016,66.99765375,7.482414225,180.5059257,Lettuce
86,26,27,27.13140403,52.89368299,6.081172981,192.4280381,Lettuce
98,18,27,27.56088634,68.49299897,6.516312148,167.4358075,Lettuce
111,27,31,23.59302313,55.27564977,6.043330951,191.3980675,Lettuce
84,39,35,23.17714381,52.13864034,6.959404135,117.3113562,Lettuce
98,27,27,24.71384065,51.29142534,7.238109556,197.6439711,Lettuce
118,21,34,24.38534644,64.72543073,7.234258375,119.6324109,Lettuce
103,27,31,27.15998538,51.59100753,6.691541233,126.1752206,Lettuce
82,24,33,26.53543168,67.09608099,6.809593554,120.6494434,Lettuce
86,31,35,27.01207284,60.76645256,6.485761419,191.4508931,Lettuce
88,35,35,27.55906475,58.45742907,6.784460602,117.9389993,Lettuce
84,27,29,23.32293161,53.00366334,7.167092586,168.2644287,Lettuce
120,40,33,24.23850608,54.30329632,6.73410539,115.1564012,Lettuce
106,40,30,23.42611644,64.10651528,6.779984384,122.6847408,Lettuce
113,21,33,26.02241444,55.83288958,7.277422738,176.9020924,Lettuce
117,34,25,24.83846178,56.7685316,7.21270048,124.4135035,Lettuce
80,30,25,26.24092174,65.64381357,7.487266991,148.3771202,Lettuce
88,21,27,24.43011925,66.02411187,7.231166546,181.6368274,Lettuce
113,33,34,26.00373964,62.1445102,6.559817161,153.477776,Lettuce
87,23,28,26.22367404,62.26594559,6.979590627,193.7461968,Lettuce
113,15,29,27.09617155,63.55324262,6.779230041,190.2440566,Lettuce
98,29,30,25.64004392,61.03273481,6.217974349,199.4735636,Lettuce
97,29,27,27.74576987,54.36976075,7.205078785,139.8619431,Lettuce
85,35,32,26.24928198,54.28617819,6.854011265,133.1120232,Lettuce
82,29,35,26.67377159,52.24226285,6.246872394,156.1543898,Lettuce
103,33,25,27.10210397,55.7497332,6.911066044,139.5013171,Lettuce
112,17,28,27.62975458,61.26002598,6.777417989,196.6492664,Lettuce
99,19,33,27.5364547,55.51673151,6.273741983,130.6377143,Lettuce
120,20,34,23.56960509,50.56339727,6.906124587,130.3797119,Lettuce
114,27,28,24.99451759,57.93250202,7.162802357,192.8736822,Lettuce
100,40,35,27.56441788,54.41094079,6.955787351,177.816092,Lettuce
108,35,25,23.98143338,61.10935084,6.971963169,161.5279095,Lettuce
115,31,30,24.22984659,67.37768353,6.840927967,122.4073418,Lettuce
87,28,30,25.60153969,68.66257977,6.536676653,168.8383605,Lettuce
82,24,26,24.31274458,53.57285558,6.089443603,184.4103931,Lettuce
94,26,27,26.36629861,52.25738495,7.456460375,177.3176161,Lettuce
87,28,35,26.5602777,57.1621814,6.759211911,152.0616227,Lettuce
118,40,35,26.35034208,58.50650238,7.460174812,121.5586297,Lettuce
87,38,29,25.20406808,57.88370456,6.652642579,156.1457255,Lettuce
92,40,30,23.35723208,55.18792166,6.026287448,171.6976946,Lettuce
97,22,26,23.60567546,59.68849145,6.074190142,185.1568059,Lettuce
99,40,32,24.18471151,69.94807345,7.045543056,163.2708732,Lettuce
89,28,33,26.44414097,53.83876189,6.993236001,175.3723314,Lettuce
112,39,29,26.12492233,63.37479229,6.726528895,147.8035305,Lettuce
111,28,26,27.77363343,64.47858698,6.937352845,192.7121236,Lettuce
114,20,26,25.55656667,62.67087838,7.27905689,193.5866233,Lettuce
117,26,30,27.92374437,67.96910852,7.079850922,115.2325531,Lettuce
111,29,31,26.05968403,52.31098539,6.136286518,161.3432535,Lettuce
119,30,28,26.35770906,64.57578034,6.505203696,163.6269496,Lettuce
116,40,33,24.91370487,54.15319242,7.042089492,129.5481144,Lettuce
95,37,35,27.31317116,68.4233391,6.348337519,192.4288139,Lettuce
86,40,33,26.1387869,52.26311691,7.432322234,136.3027766,Lettuce
117,37,32,23.1069385,67.06230539,6.787658922,162.5769606,Lettuce
105,18,35,23.52648086,68.44030686,6.743417121,171.8839938,Lettuce
109,23,25,25.11711046,68.48030408,7.00733163,194.8773479,Lettuce
80,18,31,24.02952505,58.84880599,7.303033217,134.6803969,Lettuce
101,31,26,26.70897548,69.71184111,6.861235184,158.8608887,Lettuce
103,33,33,26.71717393,50.50148528,7.131435858,126.8073984,Lettuce
93,26,27,24.59245684,56.46829641,7.288211994,137.7044047,Lettuce
104,35,28,27.51006055,50.66687215,6.983732393,143.9955548,Lettuce
116,36,25,27.57847581,58.52534263,6.172090205,156.6810374,Lettuce
107,38,29,26.65069302,57.56695719,6.35118177,145.105065,Lettuce
101,33,33,26.97251562,62.0183627,6.908671379,142.8610793,Lettuce
107,31,31,23.17124551,52.97841162,6.766184468,153.1201644,Lettuce
99,16,30,23.52652084,65.44340921,6.392791654,186.1728203,Lettuce
103,40,30,27.30901814,55.196224,6.348316257,141.4831644,Lettuce
118,31,34,27.54823036,62.88179198,6.123796057,181.4170812,Lettuce
106,21,35,25.627355,57.04151119,7.428523634,188.5506536,Lettuce
116,38,34,23.29250318,50.04557009,6.020947179,183.468585,Lettuce
97,35,26,24.91461008,53.74144743,6.334610249,166.2549307,Lettuce
107,34,32,26.77463708,66.4132686,6.78006386,177.7745075,Lettuce
99,15,27,27.41711238,56.63636248,6.086922359,127.92461,Lettuce
118,33,30,24.13179691,67.22512329,6.362607851,173.3228386,Lettuce
117,32,34,26.2724184,52.12739421,6.758792552,127.1752928,Lettuce
104,18,30,23.60301571,60.39647474,6.779832611,140.9370415,Lettuce
